City_ID,City,Lat,Lng,Max Temp,Humidity,Cloudiness,Wind Speed,Country,Date
0,bredasdorp,-34.5322,20.0403,281.15,72,100,5.64,ZA,1694392978
1,enewetak,11.3474,162.3373,302.33,71,64,4.33,MH,1694392978
2,nuuk,64.1835,-51.7216,275.49,93,100,2.57,GL,1694392978
3,fale old settlement,-9.3852,-171.2468,301.36,75,51,3.87,TK,1694392978
4,hawaiian paradise park,19.5933,-154.9731,300.95,72,40,3.6,US,1694392979
5,basco,20.4487,121.9702,301.15,79,100,7.3,PH,1694392979
6,leava,-14.3,-178.1667,299.9,74,12,6.88,WF,1694392979
7,grytviken,-54.2811,-36.5092,270.73,84,99,3.11,GS,1694392979
8,traralgon,-38.1833,146.5333,288.04,58,68,2.41,AU,1694392980
9,adamstown,-25.066,-130.1015,294.59,89,11,7.37,PN,1694392980
10,constantia,44.1833,28.65,285.76,53,0,3.58,RO,1694392980
11,arkadelphia,34.1209,-93.0538,302.69,69,0,0.0,US,1694392750
12,blackmans bay,-43.0167,147.3167,283.44,65,100,1.62,AU,1694392980
13,port mathurin,-19.6833,63.4167,295.9,72,54,9.24,MU,1694392981
14,gadzhiyevo,69.2551,33.3362,283.64,81,95,2.02,RU,1694392981
15,puerto ayora,-0.7393,-90.3518,296.79,93,51,2.68,EC,1694392981
16,mossel bay,-34.1831,22.146,283.11,72,100,8.25,ZA,1694392982
17,bayganin,48.6947,55.8742,286.03,71,100,2.75,KZ,1694392982
18,al bayda',32.7627,21.7551,291.83,87,100,11.3,LY,1694392982
19,edinburgh of the seven seas,-37.0676,-12.3116,285.96,77,100,13.62,SH,1694392982
20,margaret river,-33.95,115.0667,290.88,77,9,6.35,AU,1694392983
21,college,64.8569,-147.8028,289.12,52,40,1.54,US,1694392983
22,port-aux-francais,-49.35,70.2167,275.61,68,97,7.27,TF,1694392983
23,ilulissat,69.2167,-51.1,274.16,75,75,0.0,GL,1694392983
24,aswan,24.0934,32.907,306.76,18,0,1.54,EG,1694392984
25,argo,37.6333,22.7333,295.25,58,0,7.45,GR,1694392984
26,castillos,-34.1667,-53.8333,286.31,97,99,2.31,UY,1694392984
27,longyearbyen,78.2186,15.6401,275.06,69,75,2.06,SJ,1694392984
28,iskateley,67.6803,53.1512,283.81,93,16,5.62,RU,1694392985
29,crane,31.3974,-102.3501,305.48,26,7,5.45,US,1694392985
30,chonchi,-42.6128,-73.8092,281.55,92,100,1.73,CL,1694392985
31,puerto natales,-51.7236,-72.4875,275.36,97,100,0.13,CL,1694392985
32,waitangi,-43.9535,-176.5597,287.49,82,31,4.47,NZ,1694392986
33,zagan,51.6176,15.3149,294.81,82,11,1.59,PL,1694392986
34,la'ie,21.6477,-157.9253,304.13,64,9,3.13,US,1694392986
35,west island,-12.1568,96.8225,298.14,78,11,4.63,CC,1694392986
36,albany,42.6001,-73.9662,294.7,91,99,1.16,US,1694392883
37,stanley,54.868,-1.6985,289.42,97,20,1.54,GB,1694392987
38,gao,16.6362,1.637,307.32,36,15,2.14,ML,1694392987
39,haimen,23.1935,116.6142,300.09,79,12,1.06,CN,1694392987
40,labrador city,52.9463,-66.9114,283.1,87,75,0.0,CA,1694392988
41,thompson,55.7435,-97.8558,287.24,51,20,1.03,CA,1694392938
42,qaqortoq,60.7167,-46.0333,277.24,85,100,1.18,GL,1694392988
43,st. john's,47.5649,-52.7093,293.86,94,75,5.66,CA,1694392868
44,marka,1.7159,44.7717,297.9,89,66,5.16,SO,1694392989
45,port hedland,-20.3167,118.5667,300.18,41,14,1.54,AU,1694392989
46,iqaluit,63.7506,-68.5145,278.0,80,100,1.54,CA,1694392989
47,whitehorse,60.7161,-135.0538,291.58,36,75,6.71,CA,1694392811
48,papao,-17.75,-149.55,300.97,77,1,6.5,PF,1694392991
49,san patricio,28.017,-97.5169,307.12,56,0,5.2,US,1694392991
50,dudinka,69.4058,86.1778,284.05,98,100,5.05,RU,1694392991
51,oum hadjer,13.2954,19.6966,300.88,55,100,5.24,TD,1694392992
52,utrik,11.2278,169.8474,301.96,76,100,5.61,MH,1694392992
53,iquique,-20.2208,-70.1431,291.17,82,22,2.04,CL,1694392865
54,hamilton,39.1834,-84.5333,296.88,70,40,3.09,US,1694392985
55,carnarvon,-24.8667,113.6333,292.88,72,4,1.34,AU,1694392993
56,tura,25.5198,90.2201,298.92,88,100,0.87,IN,1694392993
57,likiep,9.8251,169.3107,301.9,76,95,4.69,MH,1694392993
58,mahina,-17.5065,-149.489,301.02,69,75,4.12,PF,1694392993
59,howrah,22.5892,88.3103,301.15,94,40,0.0,IN,1694392994
60,opuwo,-18.0607,13.84,289.45,49,6,2.83,NA,1694392994
61,kapuvar,47.5922,17.0289,288.29,62,4,3.17,HU,1694392994
62,vila franca do campo,37.7167,-25.4333,292.38,83,0,1.38,PT,1694392994
63,lebu,-37.6167,-73.65,283.57,90,100,3.69,CL,1694392995
64,kone,-21.0595,164.8658,299.82,47,2,3.35,NC,1694392995
65,taoudenni,22.6783,-3.9836,308.17,27,64,8.6,ML,1694392995
66,ribeira grande,38.5167,-28.7,293.02,85,6,2.68,PT,1694392996
67,ribeirao branco,-24.2208,-48.7656,288.08,98,41,1.74,BR,1694392996
68,calvinia,-31.4707,19.776,275.69,94,100,7.37,ZA,1694392996
69,harstad,68.799,16.5293,283.81,91,45,5.36,NO,1694392996
70,kodiak,57.79,-152.4072,283.88,76,100,4.12,US,1694392997
71,bol,13.4586,14.7147,301.24,79,100,4.04,TD,1694392997
72,nikol'sk,53.7189,46.0712,283.2,69,100,2.98,RU,1694392997
73,hasaki,35.7333,140.8333,303.31,81,100,3.5,JP,1694392758
74,muleshoe,34.2265,-102.7238,302.95,37,33,8.26,US,1694392999
75,ta`u,-14.2336,-169.5144,299.9,76,63,3.77,AS,1694392999
76,isangel,-19.55,169.2667,300.21,69,40,5.14,VU,1694392999
77,hell-ville,-13.4,48.2667,297.59,73,6,3.17,MG,1694393000
78,pacific grove,36.6177,-121.9166,295.27,78,0,3.09,US,1694392797
79,barmer,25.75,71.3833,297.84,79,100,4.58,IN,1694393001
80,kudahuvadhoo,2.6708,72.8944,301.32,74,73,4.64,MV,1694393001
81,grootfontein,-19.5667,18.1167,295.91,25,44,3.09,NA,1694393002
82,joutseno,61.118,28.5076,286.78,94,93,1.71,FI,1694393002
83,nar'yan-mar,67.6713,53.087,283.86,93,16,5.63,RU,1694393002
84,port macquarie,-31.4333,152.9167,292.53,50,15,3.78,AU,1694393002
85,wailua homesteads,22.0669,-159.378,303.39,72,40,6.17,US,1694393003
86,bethel,41.3712,-73.414,295.73,89,0,2.06,US,1694392977
87,naze,28.3667,129.4833,300.66,71,73,3.91,JP,1694393003
88,badger,64.8,-147.5333,289.08,55,20,1.54,US,1694393003
89,lujan,-34.5703,-59.105,289.83,89,100,3.42,AR,1694393004
90,tiksi,71.6872,128.8694,279.33,55,0,6.95,RU,1694393004
91,salalah,17.0151,54.0924,301.2,94,75,3.09,OM,1694393004
92,saipan,15.1355,145.701,302.54,79,40,6.69,MP,1694393004
93,uturoa,-16.7333,-151.4333,299.46,76,2,4.75,PF,1694393004
94,punta arenas,-53.15,-70.9167,277.21,93,100,5.14,CL,1694392853
95,tenkodogo,11.78,-0.3697,298.26,77,38,2.89,BF,1694393005
96,lethem,3.3803,-59.7968,302.04,52,28,2.67,GY,1694393005
97,papatowai,-46.5619,169.4708,279.38,83,100,5.92,NZ,1694393005
98,akjoujt,19.6969,-14.4164,307.29,37,11,2.5,MR,1694393006
99,staroyur'yevo,53.3161,40.7081,285.95,82,100,2.33,RU,1694393006
100,chumphon,10.3333,98.8333,296.39,92,100,0.42,TH,1694393006
101,tazovsky,67.4667,78.7,283.13,84,100,5.21,RU,1694393006
102,bandarbeyla,9.4942,50.8122,299.58,72,100,9.31,SO,1694393007
103,misratah,32.3754,15.0925,298.65,68,47,4.18,LY,1694393007
104,santa rosa de copan,14.7667,-88.7833,297.79,73,40,2.06,HN,1694393007
105,tralee,52.2704,-9.7026,288.61,96,100,1.8,IE,1694393007
106,san miguel,13.4833,-88.1833,297.96,95,80,2.39,SV,1694393007
107,puerto palomas,31.7667,-107.6167,308.17,14,100,2.5,MX,1694393008
108,la passe,45.5549,-0.8967,294.28,92,100,2.98,FR,1694393008
109,salinopolis,-0.6136,-47.3561,300.19,81,0,5.97,BR,1694393008
110,amuntai,-2.4177,115.2494,303.34,56,34,0.84,ID,1694393008
111,bubaque,11.2833,-15.8333,300.85,81,100,5.43,GW,1694393008
112,nantucket,41.2835,-70.0995,296.18,100,100,0.0,US,1694393003
113,hutchinson island south,27.2995,-80.2205,303.15,75,20,5.36,US,1694393009
114,ust-nera,64.5667,143.2,275.99,93,100,2.8,RU,1694393009
115,gazipasa,36.2694,32.3179,295.2,78,0,3.6,TR,1694393009
116,yellowknife,62.456,-114.3525,292.82,56,20,5.66,CA,1694392981
117,georgetown,5.4112,100.3354,300.34,92,20,1.03,MY,1694392926
118,wewak,-3.5534,143.6268,299.51,85,100,2.05,PG,1694393010
119,bilibino,68.0546,166.4372,280.78,60,9,0.18,RU,1694393010
120,pemba,-12.974,40.5178,297.54,88,20,2.06,MZ,1694393010
121,avarua,-21.2078,-159.775,297.18,73,100,5.14,CK,1694393010
122,kalach-na-donu,48.691,43.5264,285.36,64,3,3.52,RU,1694393011
123,codrington,-38.2667,141.9667,287.71,68,20,2.28,AU,1694393011
124,cidreira,-30.1811,-50.2056,290.87,92,84,8.11,BR,1694393011
125,nikolayevsk-on-amure,53.1406,140.73,290.32,57,11,4.16,RU,1694393011
126,bardai,11.65,7.2333,296.03,90,99,4.05,NG,1694393011
127,prineville,44.2999,-120.8345,303.4,18,0,4.63,US,1694393012
128,invercargill,-46.4,168.35,279.83,82,100,3.58,NZ,1694393012
129,nemuro,43.3236,145.575,290.66,93,95,0.36,JP,1694393012
130,hithadhoo,-0.6,73.0833,301.03,73,67,4.84,MV,1694393012
131,ola,59.5833,151.2833,287.12,67,28,2.17,RU,1694393013
132,chui,-33.6971,-53.4616,287.75,95,100,2.54,UY,1694393013
133,olyokminsk,60.3736,120.4264,279.21,81,100,0.95,RU,1694393013
134,antsiranana,-12.2787,49.2917,295.6,77,94,7.7,MG,1694393013
135,linfen,36.0889,111.5189,298.88,64,100,0.49,CN,1694393013
136,talnakh,69.4865,88.3972,283.82,99,100,2.61,RU,1694393014
137,ushuaia,-54.8,-68.3,276.96,65,20,1.54,AR,1694392802
138,new norfolk,-42.7826,147.0587,284.1,54,100,1.43,AU,1694393014
139,kulhudhuffushi,6.6221,73.07,299.94,79,100,6.43,MV,1694393014
140,leongatha,-38.4833,145.95,286.3,72,100,2.02,AU,1694393014
141,idri,27.5,13.2667,298.51,32,0,3.95,LY,1694393015
142,colonia,50.9333,6.95,295.91,82,0,1.03,DE,1694392795
143,luanda,-8.8368,13.2343,296.15,78,75,2.57,AO,1694393015
144,alpena,45.0617,-83.4327,290.33,77,100,0.0,US,1694393015
145,port alfred,-33.5906,26.891,287.14,87,29,2.68,ZA,1694393015
146,zhangye,38.9342,100.4517,294.43,31,0,1.93,CN,1694393016
147,ust'-kut,56.7938,105.7672,280.92,72,52,0.67,RU,1694393016
148,lienz,46.8289,12.769,290.48,76,7,1.59,AT,1694393016
149,la rioja,42.25,-2.5,288.03,64,100,2.12,ES,1694392846
150,rongelap,11.1635,166.8941,302.04,72,13,3.86,MH,1694393017
151,sabzevar,36.2126,57.6819,294.16,56,0,3.58,IR,1694393017
152,zheleznogorsk-ilimskiy,56.5768,104.1217,279.75,67,100,0.96,RU,1694393017
153,berdigestyakh,62.0989,126.6992,276.05,83,100,2.67,RU,1694393017
154,guiuan,11.0333,125.7247,301.2,74,70,2.39,PH,1694393017
155,narasannapeta,18.4167,84.05,300.47,85,56,2.0,IN,1694393018
156,el alto,-4.2714,-81.2147,292.96,84,6,6.43,PE,1694393018
157,mount gambier,-37.8333,140.7667,288.65,54,9,2.08,AU,1694393018
158,brookings,44.3114,-96.7984,293.15,50,0,3.09,US,1694392980
159,revda,56.801,59.9303,281.44,97,100,3.83,RU,1694393018
160,gilgit,35.9221,74.3087,297.48,35,0,0.89,PK,1694393019
161,hammerfest,70.6634,23.6821,282.4,93,75,5.14,NO,1694393019
162,korla,41.7597,86.1469,297.05,26,6,0.71,CN,1694392757
163,dunedin,-45.8742,170.5036,283.04,72,91,5.36,NZ,1694393012
164,general salgado,-20.6483,-50.3606,297.95,35,0,2.6,BR,1694393019
165,arauco,-37.2463,-73.3175,283.07,94,100,1.52,CL,1694392925
166,sitka,57.0531,-135.33,295.09,37,75,5.66,US,1694393020
167,bredy,52.4153,60.3411,282.57,86,100,3.4,RU,1694393020
168,buala,-8.145,159.5921,300.57,78,100,4.18,SB,1694393020
169,itoman,26.1247,127.6694,304.58,70,20,5.14,JP,1694393020
170,minas de marcona,-15.2119,-75.1103,288.67,70,0,4.82,PE,1694393020
171,uliastay,47.7417,96.8444,281.14,37,100,1.58,MN,1694393021
172,slatyne,50.2242,36.1608,284.04,75,10,2.72,UA,1694393021
173,mahomet,40.1953,-88.4042,295.49,64,1,2.3,US,1694393021
174,oromocto,45.8351,-66.4792,291.11,93,100,1.54,CA,1694392938
175,anadyr,64.75,177.4833,282.43,66,40,5.0,RU,1694393022
176,mount pearl,47.5166,-52.7813,293.4,93,75,5.66,CA,1694393022
177,vanino,49.0869,140.2543,289.38,74,100,0.34,RU,1694393022
178,kurtamysh,54.9103,64.4319,283.07,77,100,3.0,RU,1694393022
179,isafjordur,66.0755,-23.124,277.83,66,0,2.2,IS,1694393023
180,kruisfontein,-34.0033,24.7314,282.76,79,95,9.76,ZA,1694393023
181,olonkinbyen,70.9221,-8.7187,275.47,68,100,3.65,SJ,1694393023
182,nizhneudinsk,54.9076,99.0276,280.95,76,7,2.06,RU,1694393023
183,cidade velha,14.9167,-23.6167,300.41,89,20,3.09,CV,1694393024
184,kualakapuas,-3.0091,114.3876,303.36,59,9,2.12,ID,1694393024
185,at taj,24.2049,23.2857,298.26,42,0,4.72,LY,1694392845
186,kirakira,-10.4544,161.9205,302.14,63,35,4.45,SB,1694393024
187,amga,60.8953,131.9608,279.84,70,33,1.89,RU,1694393024
188,lamu,-2.2717,40.902,297.46,89,100,4.92,KE,1694393025
189,slave lake,55.2834,-114.769,297.14,31,0,6.17,CA,1694393025
190,jamestown,42.097,-79.2353,293.92,100,100,3.09,US,1694392985
191,chhagalnaiya,23.03,91.5069,299.11,93,100,1.77,BD,1694393025
192,lesozavodsk,45.4794,133.4244,293.49,84,100,3.17,RU,1694392937
193,hadibu,12.65,54.0333,299.28,82,30,7.45,YE,1694393026
194,vilyuchinsk,52.9306,158.4028,292.3,46,2,4.72,RU,1694393026
195,nouadhibou,20.931,-17.0347,298.14,69,36,4.12,MR,1694393026
196,masterton,-40.9597,175.6575,288.64,56,87,5.45,NZ,1694392955
197,phuthaditjhaba,-28.5242,28.8158,288.34,29,0,2.28,ZA,1694393027
198,conception bay south,47.4999,-52.9981,293.73,94,99,3.45,CA,1694393027
199,taksimo,56.3444,114.8794,281.18,55,65,1.14,RU,1694393027
200,ventspils,57.3894,21.5606,283.11,100,11,0.0,LV,1694393027
201,nova sintra,14.8667,-24.7167,297.42,77,31,3.32,CV,1694393028
202,laramie,41.3114,-105.5911,285.36,83,100,3.09,US,1694393028
203,betio village,1.358,172.9211,304.17,73,93,2.63,KI,1694393028
204,al muwayh,22.4333,41.7583,299.49,49,9,2.62,SA,1694393028
205,celestun,20.8667,-90.4,301.48,72,100,5.13,MX,1694393029
206,tangi,34.3006,71.6536,302.15,61,0,2.25,PK,1694393029
207,guayaramerin,-10.8368,-65.3614,298.13,81,97,0.62,BO,1694393029
208,severo-yeniseyskiy,60.3725,93.0408,279.24,71,53,0.39,RU,1694393029
209,gernika-lumo,43.3167,-2.6833,296.46,84,100,0.51,ES,1694393029
210,lianjiang,21.6467,110.2817,297.33,98,100,5.66,CN,1694393030
211,long beach,33.767,-118.1892,309.24,59,0,7.72,US,1694393017
212,sosnovo-ozerskoye,52.5249,111.5418,279.87,72,92,2.66,RU,1694393030
213,prado,-17.3411,-39.2208,295.98,76,0,3.75,BR,1694392962
214,nosy varika,-20.5833,48.5333,291.44,86,3,1.7,MG,1694393030
215,kerikeri,-35.2268,173.9474,289.21,94,100,2.24,NZ,1694393030
216,garachico,28.7781,-17.7646,295.21,69,0,2.06,ES,1694393031
217,mejit,10.2753,170.8646,302.24,76,96,5.99,MH,1694393031
218,yuli,9.6989,10.2744,296.64,93,77,1.59,NG,1694393031
219,fort st. john,56.2499,-120.8529,298.09,31,40,5.66,CA,1694393005
220,trevelin,-43.0858,-71.4639,277.86,90,10,2.28,AR,1694393031
221,afaahiti,-17.75,-149.2833,300.08,79,5,6.42,PF,1694393032
222,lawas,13.764,121.0566,302.58,75,64,2.87,PH,1694393032
223,edea,3.8,10.1333,296.9,98,100,0.86,CM,1694393032
224,kidal,18.4411,1.4078,305.3,35,98,2.5,ML,1694393032
225,chulakkurgan,43.765,69.1814,294.73,38,1,3.32,KZ,1694393032
226,cadale,2.7603,46.3222,298.3,89,50,6.13,SO,1694393033
227,yarmouth,41.7057,-70.2286,295.38,95,20,0.89,US,1694393033
228,sao martinho,39.5144,-9.1311,292.2,72,3,0.95,PT,1694393033
229,shenjiamen,29.9576,122.298,299.96,76,23,4.98,CN,1694393033
230,berrotaran,-32.451,-64.3887,291.42,45,99,0.42,AR,1694393033
231,prince rupert,54.3161,-130.3201,288.2,85,75,17.49,CA,1694393034
232,kedrovyy,56.1667,91.8167,280.38,77,99,1.99,RU,1694393034
233,duyun,26.2667,107.5167,297.44,82,89,0.77,CN,1694393034
234,udachny,66.4167,112.4,279.51,56,100,6.23,RU,1694393034
235,keflavik,64.0049,-22.5624,280.39,76,75,7.2,IS,1694393034
236,arad,46.3333,21.75,290.32,59,0,2.08,RO,1694393035
237,shindand,33.3029,62.1474,298.72,16,0,2.0,AF,1694393035
238,palikir - national government center,6.9248,158.1611,302.62,79,100,5.14,FM,1694393035
239,urengoy,65.9667,78.3667,286.54,68,100,4.02,RU,1694393035
240,takoradi,4.8845,-1.7554,297.22,93,83,3.69,GH,1694393035
241,ostersund,63.1792,14.6357,284.4,100,100,2.57,SE,1694393036
242,dubbo,-32.25,148.6167,289.22,39,0,4.63,AU,1694393036
243,sallisaw,35.4604,-94.7875,301.97,46,0,2.06,US,1694393036
244,la ronge,55.1001,-105.2842,290.29,34,0,3.09,CA,1694393036
245,nioki,-2.7167,17.6833,295.91,91,76,0.65,CD,1694393036
246,sao joao da barra,-21.6403,-41.0511,295.2,89,0,7.98,BR,1694392841
247,ciudad lazaro cardenas,17.9583,-102.2,301.16,78,10,2.14,MX,1694393037
248,kapuskasing,49.4169,-82.4331,289.2,77,75,2.06,CA,1694393037
249,lianhe,47.1333,129.2667,290.63,95,100,1.45,CN,1694393037
250,nova vicosa,-17.8919,-39.3719,295.6,80,0,3.52,BR,1694393038
251,genhe,50.7833,121.5167,278.4,98,100,3.44,CN,1694393038
252,port elizabeth,-33.918,25.5701,285.31,87,40,11.83,ZA,1694393038
253,kuanda,56.3161,116.0806,279.89,62,76,1.65,RU,1694393038
254,klyuchi,52.2667,79.1667,287.45,61,100,5.41,RU,1694393038
255,tateyama,34.9833,139.8667,300.48,81,100,2.99,JP,1694393039
256,nguigmi,14.2495,13.1092,304.97,48,35,5.13,NE,1694393039
257,pinarbasi,38.7229,36.3931,282.32,80,100,2.0,TR,1694393039
258,flying fish cove,-10.4217,105.6791,297.97,83,75,5.14,CX,1694393039
259,dakhla,23.6848,-15.958,294.44,89,0,8.22,EH,1694393039
260,cheremushki,52.8356,91.3944,285.55,63,83,1.19,RU,1694393040
261,porto novo,6.4965,2.6036,299.05,90,69,3.31,BJ,1694393040
262,kalanchak,46.2562,33.2907,286.22,66,0,3.15,UA,1694393040
263,namie,37.4833,141.0,303.14,76,100,4.56,JP,1694393040
264,geraldton,-28.7667,114.6,288.38,100,40,2.06,AU,1694393040
265,port lincoln,-34.7333,135.8667,291.08,46,7,5.13,AU,1694393041
266,polyarnyy,69.1989,33.4478,283.72,83,92,1.99,RU,1694393041
267,namibe,-15.1961,12.1522,289.87,86,100,3.18,AO,1694393041
268,thisted,56.9552,8.6949,290.45,95,96,3.21,DK,1694393041
269,newman,37.3138,-121.0208,307.28,10,0,2.83,US,1694393042
270,sechura,-5.5569,-80.8222,294.1,75,10,6.42,PE,1694393042
271,l'alcora,40.0667,-0.2,294.94,80,7,1.12,ES,1694393042
272,molde,62.7375,7.1591,287.43,94,40,2.57,NO,1694393042
273,nueva gerona,21.8833,-82.8,302.22,68,0,1.02,CU,1694393042
274,shinshiro,34.9,137.5,302.28,74,100,4.41,JP,1694393043
275,praya,14.9215,-23.5087,300.45,89,20,3.09,CV,1694393043
276,siwa oasis,29.2041,25.5195,297.98,61,0,7.69,EG,1694393043
277,irymple,-34.25,142.1667,292.09,59,15,0.22,AU,1694393043
278,okhotsk,59.3833,143.3,284.32,45,0,8.48,RU,1694393044
279,novyy urengoy,66.0833,76.6333,285.49,68,100,5.17,RU,1694393044
280,noumea,-22.2763,166.4572,298.14,99,30,7.17,NC,1694393044
281,box elder,41.5005,-112.8764,297.61,44,1,2.74,US,1694393044
282,kavieng,-2.5744,150.7967,301.86,73,93,4.84,PG,1694393044
283,bengkulu,-3.8004,102.2655,297.32,78,70,4.05,ID,1694393044
284,arraial do cabo,-22.9661,-42.0278,294.15,90,100,5.74,BR,1694393045
285,cerkes,40.8116,32.8936,282.33,85,9,0.79,TR,1694393045
286,kingston,17.997,-76.7936,301.68,84,40,2.57,JM,1694392309
287,baardheere,2.3446,42.2764,298.1,80,75,6.59,SO,1694393045
288,copiapo,-27.3667,-70.3333,286.98,30,42,1.83,CL,1694392767
289,dingtao,35.0683,115.5625,298.24,71,100,1.27,CN,1694393046
290,pierre,44.3683,-100.351,290.66,71,100,3.09,US,1694393000
291,alesund,62.4723,6.1549,288.01,94,100,2.06,NO,1694393046
292,taroa,8.7058,171.2275,301.87,76,51,5.82,MH,1694393046
293,egilsstadir,65.2653,-14.3948,276.1,100,75,4.63,IS,1694393046
294,queenstown,-31.8976,26.8753,283.49,56,0,1.45,ZA,1694393047
295,san pedro pochutla,15.7333,-96.4667,301.99,89,98,4.21,MX,1694393047
296,vikhorevka,56.1201,101.1636,278.92,61,65,1.43,RU,1694393047
297,holmsund,63.706,20.3641,283.68,87,0,1.54,SE,1694393047
298,petropavlovsk-kamchatsky,53.0452,158.6483,291.48,34,20,2.0,RU,1694393047
299,tolanaro,-25.0319,46.9987,294.19,88,0,8.23,MG,1694393047
300,colesberg,-30.72,25.0972,280.98,55,0,4.12,ZA,1694393048
301,plettenberg bay,-34.0527,23.3716,281.88,83,100,6.02,ZA,1694393048
302,ebon,4.582,168.6964,301.81,70,66,2.15,MH,1694393048
303,hermanus,-34.4187,19.2345,282.48,58,100,9.13,ZA,1694393048
304,zuunmod,47.7069,106.9528,275.72,79,20,1.72,MN,1694393048
305,kununurra,-15.7667,128.7333,304.14,18,42,6.17,AU,1694393049
306,pitimbu,-7.4706,-34.8086,296.48,82,29,5.84,BR,1694393049
307,puerto boyaca,5.9758,-74.5885,298.1,87,55,0.82,CO,1694393031
308,san antonio de pale,-1.4014,5.6325,296.84,88,100,6.4,GQ,1694393049
309,tshabong,-26.05,22.45,284.98,47,0,9.09,BW,1694393049
310,kamina,-8.7386,24.9906,292.1,85,66,2.02,CD,1694393050
311,san sebastian de la gomera,28.0916,-17.1133,297.35,68,0,2.57,ES,1694393050
312,barreiro do jaiba,-15.6167,-43.6,297.3,25,0,4.09,BR,1694393050
313,hermantown,46.8069,-92.2383,289.65,82,40,3.09,US,1694393050
314,mammoth lakes,37.6485,-118.9721,289.55,56,75,3.6,US,1694393051
315,akureyri,65.6835,-18.0878,279.11,65,75,2.06,IS,1694393051
316,baracoa,20.3467,-74.4958,301.34,85,56,3.41,CU,1694393051
317,morehead city,34.7229,-76.726,301.15,85,0,4.12,US,1694393051
318,atafu village,-8.5421,-172.5159,301.38,73,14,3.12,TK,1694393051
319,nan,18.8333,100.6667,297.16,94,75,1.54,TH,1694393052
320,burutu,5.3509,5.5076,298.29,89,33,3.51,NG,1694393052
321,lihue,21.9789,-159.3672,303.73,72,40,6.17,US,1694392821
322,miguel ahumada,30.6167,-106.5167,306.46,15,8,6.02,MX,1694393052
323,kotovo,50.3211,44.8012,283.36,69,6,3.91,RU,1694393053
324,coahuayana de hidalgo,18.7,-103.6583,300.8,84,5,1.61,MX,1694393053
325,vernon,50.2581,-119.2691,303.89,32,100,2.24,CA,1694393053
326,praia da vitoria,38.7333,-27.0667,293.57,94,20,1.22,PT,1694392932
327,levuka,50.1834,-105.4011,296.99,30,13,0.99,CA,1694393053
328,impfondo,1.6381,18.0667,294.96,94,90,0.55,CG,1694393053
329,rio grande,-32.035,-52.0986,290.21,96,90,5.25,BR,1694393054
330,shetpe,44.1667,52.1167,286.63,65,2,6.2,KZ,1694393054
331,okha,53.5739,142.9478,286.59,61,27,4.72,RU,1694393054
332,lompoc,34.6391,-120.4579,305.25,79,0,5.81,US,1694393054
333,orchard homes,46.8633,-114.0484,301.23,29,0,4.63,US,1694393054
334,ogulin,45.2661,15.2286,285.71,71,9,1.18,HR,1694393055
335,pelabuhanratu,-6.9875,106.5514,298.95,67,6,1.81,ID,1694392923
336,wanxian,30.8039,108.3897,300.32,82,100,2.59,CN,1694393055
337,touros,-5.1989,-35.4608,297.86,76,0,6.04,BR,1694393055
338,saldanha,-33.0117,17.9442,283.18,63,100,8.36,ZA,1694393056
339,weno,7.4515,151.8468,301.12,89,100,2.06,FM,1694393056
340,saint-philippe,-21.3585,55.7679,291.92,74,40,4.54,RE,1694393056
341,puerto armuelles,8.2833,-82.8667,301.02,72,100,0.45,PA,1694393056
342,alice springs,-23.7,133.8833,292.9,14,2,7.72,AU,1694393056
343,dinguiraye,11.3,-10.7167,294.53,95,100,1.22,GN,1694393057
344,gazli,40.1333,63.45,293.95,52,0,9.77,UZ,1694393057
345,kyzylorda,44.8528,65.5092,292.16,37,40,4.0,KZ,1694393057
346,barra de santo antonio,-9.4047,-35.5072,295.75,82,0,4.11,BR,1694393057
347,belyy yar,53.6039,91.3903,279.09,100,0,0.0,RU,1694393057
348,tokonou,9.65,-9.7833,293.68,97,98,1.67,GN,1694393058
349,macia,-25.0269,33.0989,295.12,50,0,4.97,MZ,1694393058
350,madera,37.1666,-119.8343,307.73,26,0,2.63,US,1694392991
351,robore,-18.3333,-59.75,302.08,43,0,2.37,BO,1694393058
352,roma,43.2128,-75.4557,293.99,93,100,1.54,US,1694393058
353,vorgashor,67.5833,63.95,280.59,93,100,4.35,RU,1694393059
354,brisas de zicatela,15.8369,-97.0419,299.44,65,75,1.54,MX,1694393059
355,palpa,-14.5336,-75.1856,295.54,51,0,0.97,PE,1694393059
356,kosh-agach,50.0,88.6667,281.87,51,99,1.1,RU,1694393059
357,usinsk,65.9939,57.5281,281.77,91,64,4.34,RU,1694393060
358,dongsheng,39.8161,109.9776,290.3,45,100,6.34,CN,1694393060
359,susuman,62.7833,148.1667,275.92,99,100,1.06,RU,1694393060
360,oliver,49.1831,-119.5524,304.1,23,97,2.57,CA,1694393060
361,paraty,-23.2178,-44.7131,294.11,91,3,1.44,BR,1694393060
362,tamanrasset,22.785,5.5228,300.1,34,40,1.54,DZ,1694392883
363,balykchy,42.4557,76.1861,289.27,54,0,0.58,KG,1694393061
364,san luis de la loma,17.2706,-100.8939,300.92,83,99,0.81,MX,1694393061
365,gornyatskiy,48.2915,40.9575,286.25,69,56,2.13,RU,1694393062
366,chibougamau,49.9168,-74.3659,287.94,72,75,0.0,CA,1694392782
367,smithers,54.7804,-127.1743,297.33,27,100,3.6,CA,1694393062
368,puerto deseado,-47.7503,-65.8938,281.91,58,7,4.49,AR,1694393062
369,mount isa,-20.7333,139.5,299.02,15,100,6.69,AU,1694393062
370,magway,20.15,94.9167,298.75,91,100,2.86,MM,1694393063
371,yuzhno-kurilsk,44.0306,145.8556,293.17,82,65,1.56,RU,1694393063
372,labytnangi,66.6572,66.4183,282.59,81,93,2.89,RU,1694393063
373,swift current,50.2834,-107.8014,295.6,26,0,4.12,CA,1694393021
374,miranda,3.2499,-76.2281,298.22,89,87,2.54,CO,1694393063
375,coquimbo,-29.9533,-71.3436,288.0,82,0,2.06,CL,1694393064
376,tsiombe,-25.3,45.4833,294.02,64,0,1.35,MG,1694393064
377,erdenet,49.0333,104.0833,278.45,84,10,1.92,MN,1694393064
378,castelo do piaui,-5.3222,-41.5525,300.07,37,0,2.87,BR,1694393064
379,qianjiang,30.4151,112.8859,299.06,85,86,3.59,CN,1694393065
380,pandan,14.0453,124.1694,303.24,65,100,0.78,PH,1694393065
381,valparaiso,-33.0393,-71.6273,289.26,74,75,1.54,CL,1694393065
382,horta,38.5333,-28.6333,292.6,85,13,2.68,PT,1694393065
383,sandnessjoen,66.0217,12.6316,282.44,73,99,4.86,NO,1694393066
384,east london,-33.0153,27.9116,290.87,70,62,6.58,ZA,1694393066
385,yonggwang-up,40.0183,127.4547,296.44,66,21,0.7,KP,1694393066
386,nowy dwor gdanski,54.2131,19.1177,289.02,73,0,1.09,PL,1694393066
387,meulaboh,4.1363,96.1285,298.68,82,99,2.1,ID,1694393067
388,saint john,45.2727,-66.0677,291.72,88,100,1.54,CA,1694392839
389,mount pleasant,32.7941,-79.8626,300.93,87,40,0.89,US,1694392872
390,sisimiut,66.9395,-53.6735,276.91,85,30,3.87,GL,1694393067
391,verkhnevilyuysk,63.4453,120.3167,279.0,81,99,3.17,RU,1694393067
392,neiafu,-18.65,-173.9833,298.53,73,75,4.12,TO,1694393068
393,auki,-8.7676,160.7034,302.6,67,48,3.24,SB,1694393068
394,petropavlovka,50.6114,105.3196,280.48,73,7,1.25,RU,1694393068
395,mongomo,1.6274,11.3135,292.73,99,51,1.44,GQ,1694393068
396,tazacorte,28.629,-17.9293,296.69,78,0,3.13,ES,1694393069
397,kongolo,-5.3833,27.0,296.69,79,100,1.34,CD,1694393069
398,presidente epitacio,-21.7633,-52.1156,297.08,43,0,2.47,BR,1694393069
399,kolwezi,-10.7148,25.4667,291.02,68,94,2.69,CD,1694393069
400,vazante,-17.9869,-46.9078,296.22,33,0,1.97,BR,1694393070
401,reggane,26.7158,0.1714,308.32,21,100,4.18,DZ,1694393070
402,beyla,8.6833,-8.6333,293.0,98,84,1.38,GN,1694393070
403,vadso,70.0744,29.7487,283.24,81,87,3.6,NO,1694393070
404,amurzet,47.6967,131.0981,290.26,90,100,2.12,RU,1694393070
405,dengi,9.3667,9.95,296.21,95,78,1.44,NG,1694393071
406,vrangel',42.7297,133.0839,292.68,85,100,4.6,RU,1694393071
407,talara,-4.5772,-81.2719,294.57,83,0,5.43,PE,1694393071
408,paramonga,-10.6667,-77.8333,292.44,86,8,3.49,PE,1694393071
409,yamethin,20.4333,96.15,297.77,92,100,2.43,MM,1694393071
410,bridgewater,44.3835,-64.5155,293.53,100,100,3.09,CA,1694393072
411,cafayate,-26.073,-65.9761,294.12,27,33,1.73,AR,1694393072
412,new prague,44.5433,-93.5761,294.82,69,100,2.1,US,1694393072
413,victoria de durango,24.0333,-104.6667,301.94,13,40,3.09,MX,1694392775
414,hotan,37.0997,79.9269,296.21,19,0,2.85,CN,1694393073
415,posto fiscal rolim de moura,-13.0833,-62.2667,300.93,53,0,1.21,BR,1694393073
416,najran,17.4924,44.1277,297.51,23,100,2.1,SA,1694392937
417,mariental,-24.6333,17.9667,285.43,49,0,6.85,NA,1694393073
418,yorkton,51.2167,-102.4677,286.06,94,75,2.57,CA,1694393073
419,eydhafushi,5.1033,73.0708,299.56,80,100,2.75,MV,1694393074
420,mili,6.0815,171.735,301.84,77,20,5.34,MH,1694393074
421,santa marta,11.2408,-74.199,302.18,77,75,5.14,CO,1694393074
422,raduzhny,62.0961,77.475,283.18,66,61,2.1,RU,1694393074
423,valladolid,41.5833,-4.6667,294.14,69,2,1.69,ES,1694393074
424,remire-montjoly,4.9167,-52.2667,300.17,83,0,1.03,GF,1694393075
425,srikakulam,18.3,83.9,300.37,86,37,2.29,IN,1694393075
426,margate,51.3813,1.3862,293.54,78,100,1.79,GB,1694392892
427,arteche,12.2645,125.4048,304.0,59,89,1.61,PH,1694393075
428,parun,35.4207,70.9221,284.44,35,0,5.46,AF,1694393075
429,al kharijah,25.4514,30.5464,302.94,23,0,3.14,EG,1694393076
430,hanko,59.8333,22.95,290.36,97,31,3.58,FI,1694393076
431,coxen hole,16.3244,-86.5366,301.75,79,20,4.12,HN,1694393076
432,san juan nepomuceno,9.9516,-75.082,297.94,94,100,2.2,CO,1694393076
433,jishu,44.3167,126.8,294.82,79,98,4.06,CN,1694393076
434,anna regina,7.2644,-58.5077,300.59,77,93,3.59,GY,1694393077
435,al burayqah,30.4062,19.5739,298.9,65,98,7.93,LY,1694393077
436,boguchany,58.3814,97.4531,281.13,62,20,0.27,RU,1694393077
437,rawson,-43.3002,-65.1023,285.68,54,87,4.1,AR,1694393077
438,askiz,53.1319,90.5264,284.27,70,35,0.72,RU,1694393077
439,lisala,2.15,21.5167,294.51,93,97,0.69,CD,1694393078
440,ancud,-41.8697,-73.8203,281.48,82,100,6.11,CL,1694393078
441,maple ridge,49.2194,-122.6019,298.64,49,79,1.54,CA,1694393078
442,arno,60.1167,18.6333,289.14,93,100,1.62,SE,1694393058
443,ketchikan,55.3422,-131.6461,290.41,72,100,7.2,US,1694393078
444,howard springs,-12.497,131.047,304.72,59,71,6.19,AU,1694393078
445,maintirano,-18.0667,44.0167,296.4,85,98,2.42,MG,1694393079
446,saudarkrokur,65.7461,-19.6394,278.11,82,98,1.95,IS,1694393079
447,tatarsk,55.219,75.9828,282.65,72,92,3.25,RU,1694393079
448,kadnikov,59.5022,40.338,283.57,94,4,0.73,RU,1694393079
449,miyaly,48.8844,53.7836,283.64,72,77,4.19,KZ,1694393080
450,joao pinheiro,-17.7425,-46.1725,295.68,32,0,3.92,BR,1694393080
451,puerto baquerizo moreno,-0.9,-89.6,296.26,87,29,5.64,EC,1694393080
452,neietsu,37.1845,128.4682,295.21,65,10,0.72,KR,1694393080
453,lazaro cardenas,17.9583,-102.2,301.16,78,10,2.14,MX,1694393080
454,tuni,17.35,82.55,299.46,88,58,3.87,IN,1694392843
455,macara,-4.3833,-79.95,297.25,61,23,2.24,EC,1694393081
456,doctor alberto oviedo mota,32.2275,-115.1697,313.22,16,16,6.96,MX,1694393081
457,shitanjing,39.2342,106.3439,293.54,20,100,2.65,CN,1694393081
458,natal,-5.795,-35.2094,297.27,88,20,4.12,BR,1694392900
459,lyskovo,56.0328,45.0422,281.41,87,10,2.18,RU,1694393081
460,clarence town,-32.5833,151.7833,292.01,41,6,1.25,AU,1694393082
461,ortigueira,-24.2083,-50.9494,291.9,79,24,1.36,BR,1694393082
462,eyl,7.9803,49.8164,299.0,80,36,8.4,SO,1694393082
463,al mutayrifi,25.4788,49.5576,303.34,21,7,4.11,SA,1694393082
464,sinjar,36.3209,41.8754,298.8,22,0,3.96,IQ,1694393082
465,kangding,30.0513,101.9603,289.61,89,100,1.13,CN,1694393083
466,akrehamn,59.2667,5.1833,291.6,88,100,5.14,NO,1694393083
467,bria,6.5423,21.9863,293.24,96,100,1.34,CF,1694393083
468,dawesville,30.9224,-84.0091,301.68,84,0,1.34,US,1694393083
469,fort mcmurray,56.7268,-111.381,296.92,40,0,6.17,CA,1694392930
470,shuangjiang,26.1547,109.7138,299.17,78,52,0.35,CN,1694393084
471,acarau,-2.8856,-40.12,299.01,79,0,8.38,BR,1694393084
472,narok,-1.0783,35.8601,289.01,76,100,2.66,KE,1694393084
473,pueblo,38.2545,-104.6091,296.12,55,0,5.66,US,1694393045
474,fort morgan,40.2503,-103.8,291.51,68,94,0.0,US,1694393027
475,raichur,16.2,77.3667,296.69,83,100,3.97,IN,1694393085
476,laguna,38.421,-121.4238,308.75,21,0,3.09,US,1694393085
477,santa helena de goias,-17.8136,-50.5969,300.87,36,0,2.47,BR,1694393085
478,lukhovka,54.1484,45.2573,283.36,74,72,3.16,RU,1694393085
479,kalmunai,7.4167,81.8167,299.33,76,97,3.42,LK,1694393085
480,arroyo,41.6096,-4.7969,294.32,72,0,3.6,ES,1694393086
481,cartagena,10.3997,-75.5144,300.94,83,20,2.57,CO,1694392988
482,murmashi,68.8154,32.8115,282.38,100,75,3.13,RU,1694393086
483,laojunmiao,39.8333,97.7333,291.14,27,0,2.49,CN,1694393086
484,nizhnesortymskiy,62.4397,71.7603,282.69,78,90,2.6,RU,1694393086
485,sablayan,12.8346,120.769,301.21,76,75,1.78,PH,1694393086
486,portsmouth,50.799,-1.0913,292.3,96,25,2.24,GB,1694392910
487,usogorsk,63.4106,48.6872,281.57,97,16,1.73,RU,1694393087
488,fisterra,42.9049,-9.2629,290.38,86,85,1.56,ES,1694393087
489,hilo,19.7297,-155.09,301.07,79,40,3.6,US,1694393087
490,garbahaarrey,3.3289,42.2209,297.6,79,99,7.69,SO,1694393088
491,khandyga,62.6667,135.6,276.19,98,100,1.78,RU,1694393088
492,tezu,27.9167,96.1667,301.16,72,36,0.38,IN,1694393088
493,el granada,37.5027,-122.4694,301.52,73,0,9.26,US,1694393088
494,beneditinos,-5.45,-42.3667,300.75,33,30,2.58,BR,1694393088
495,igarka,67.4667,86.5833,282.32,98,100,4.55,RU,1694393089
496,antalaha,-14.9003,50.2788,292.67,86,14,2.7,MG,1694393089
497,pericos,25.05,-107.7,308.1,75,0,2.83,MX,1694393089
498,pangody,65.85,74.4859,284.74,72,100,5.23,RU,1694393089
499,nowy targ,49.4778,20.0323,288.56,87,0,1.23,PL,1694393089
500,kirkland lake,48.1446,-80.0377,288.31,77,52,0.51,CA,1694393089
501,paka,4.6374,103.4368,298.11,94,20,0.0,MY,1694393090
502,nadym,65.5333,72.5167,283.51,79,99,4.9,RU,1694393090
503,great falls,47.5002,-111.3008,297.4,34,0,3.6,US,1694393090
504,pangai,-19.8,-174.35,298.21,69,75,8.75,TO,1694393090
505,monte patria,-30.6919,-70.9467,291.29,39,100,2.0,CL,1694393090
506,beledweyne,4.7358,45.2036,297.89,79,90,7.48,SO,1694393091
507,novyy urgal,51.0736,132.5642,290.62,54,2,0.82,RU,1694393091
508,shakiso,5.75,38.9167,289.98,80,100,0.92,ET,1694393091
509,alibag,18.6411,72.8792,301.19,86,96,2.21,IN,1694393091
510,al jahra',29.3375,47.6581,309.61,15,0,3.99,KW,1694393091
511,balrampur,27.4333,82.1833,297.7,94,100,2.76,IN,1694393092
512,isoka,-10.1606,32.6335,290.27,54,75,1.37,ZM,1694393092
513,carutapera,-1.195,-46.02,299.5,79,1,4.38,BR,1694393092
514,kearney,40.6995,-99.0815,290.46,95,100,3.09,US,1694392983
515,bogande,12.9714,-0.1436,300.1,68,17,3.67,BF,1694393092
516,sergeyevka,53.88,67.4158,283.14,73,100,3.37,KZ,1694392879
517,metlili chaamba,32.2667,3.6333,305.67,18,40,2.57,DZ,1694393093
518,kollam,8.8833,76.6,298.0,88,100,3.36,IN,1694393093
519,ar ruways,24.1103,52.7306,304.09,66,5,2.66,AE,1694393093
520,bouar,5.934,15.596,290.85,94,100,1.06,CF,1694393093
521,alofi,-19.0595,-169.9187,297.09,83,28,6.17,NU,1694393094
522,daru,-9.0763,143.2092,300.06,71,100,7.95,PG,1694393094
523,holualoa,19.6228,-155.9522,300.06,78,75,5.66,US,1694392860
524,sinabang,2.4803,96.3801,300.47,79,90,3.5,ID,1694393094
525,kuta,-8.7233,115.1723,300.12,88,75,5.36,ID,1694393094
526,rio verde de mato grosso,-18.9181,-54.8442,303.62,34,6,2.53,BR,1694392928
527,griffith,41.5284,-87.4237,297.11,63,0,2.57,US,1694393095
528,comodoro rivadavia,-45.8667,-67.5,283.07,43,0,2.06,AR,1694393095
529,holma,9.9008,13.0567,295.01,88,20,1.88,NG,1694393095
530,fort-shevchenko,44.5086,50.263,290.47,57,77,8.22,KZ,1694393096
531,cabo san lucas,22.8909,-109.9124,305.96,62,0,4.12,MX,1694393021
532,gole,52.1665,20.4937,291.61,89,0,2.86,PL,1694393096
533,muli,2.9167,73.5667,301.47,74,91,4.96,MV,1694393096
534,aasiaat,68.7098,-52.8699,272.25,70,100,1.87,GL,1694393096
535,ciechocinek,52.8791,18.7951,288.44,60,0,0.4,PL,1694392967
536,borovo,45.3764,18.9669,290.5,88,0,1.54,HR,1694393097
537,katsuura,35.1333,140.3,300.66,81,99,3.07,JP,1694393097
538,murun-kuren,49.6342,100.1625,280.83,46,2,1.1,MN,1694393097
539,narvik,68.4384,17.4272,285.03,96,100,2.67,NO,1694393097
540,bay point,38.0291,-121.9616,307.08,24,0,5.14,US,1694393097
541,chul'man,56.8479,124.9104,279.07,66,42,2.74,RU,1694393098
542,meybod,32.2501,54.0166,298.16,13,0,0.79,IR,1694393098
543,arbatache,36.6377,3.3713,296.33,83,75,3.09,DZ,1694393098
544,aoulef,26.9667,1.0833,307.66,15,100,6.48,DZ,1694393098
545,etaples,50.5219,1.6332,292.08,94,75,0.0,FR,1694393098
546,sade,11.3595,10.6732,298.39,69,94,3.59,NG,1694393099
547,magadan,59.5667,150.8,286.78,68,12,1.89,RU,1694393099
548,quatre cocos,-20.2078,57.7625,295.42,73,43,6.34,MU,1694393099
549,tranqueras,-31.2,-55.75,291.12,96,100,2.02,UY,1694393099
550,bucerias,20.75,-105.3333,305.14,70,20,4.12,MX,1694393099
551,kristiansund,63.1115,7.732,285.51,94,100,0.0,NO,1694393100
552,ginir,7.1333,40.7,289.32,75,100,4.85,ET,1694393100
553,wenling,28.3669,121.36,300.06,77,4,2.07,CN,1694393100
554,bungo-takada-shi,33.5567,131.4451,299.14,75,100,2.22,JP,1694393100
555,beloyarskiy,63.7119,66.6722,283.15,79,100,1.34,RU,1694393100
556,culpeper,38.5004,-77.9664,296.95,92,0,0.0,US,1694393101
557,lehrte,52.3833,9.9667,292.58,93,74,1.61,DE,1694393101
